Date,Year,Month,beef_qty,veal_qty,milk_yr_lag0,milk_yr_lag1,milk_yr_lag2,milk_yr_lag3,milk_yr_lag4,milk_yr_lag5,milk_yr_lag6,milk_yr_lag7,milk_yr_lag8
Jan-70,1970,1,1872,50,9405,,,,,,,,
Feb-70,1970,2,1644,44,8857,,,,,,,,
Mar-70,1970,3,1760,49,10103,,,,,,,,
Apr-70,1970,4,1783,47,10295,,,,,,,,
May-70,1970,5,1736,45,11053,,,,,,,,
Jun-70,1970,6,1807,45,10708,,,,,,,,
Jul-70,1970,7,1808,47,10212,,,,,,,,
Aug-70,1970,8,1734,46,9734,,,,,,,,
Sep-70,1970,9,1868,49,9203,,,,,,,,
Oct-70,1970,10,1913,49,9278,,,,,,,,
Nov-70,1970,11,1696,43,8837,,,,,,,,
Dec-70,1970,12,1851,44,9321,,,,,,,,
Jan-71,1971,1,1817,44,9576,9405,,,,,,,
Feb-71,1971,2,1617,41,8996,8857,,,,,,,
Mar-71,1971,3,1866,48,10223,10103,,,,,,,
Apr-71,1971,4,1771,44,10425,10295,,,,,,,
May-71,1971,5,1761,42,11161,11053,,,,,,,
Jun-71,1971,6,1914,43,10820,10708,,,,,,,
Jul-71,1971,7,1850,43,10288,10212,,,,,,,
Aug-71,1971,8,1836,42,9863,9734,,,,,,,
Sep-71,1971,9,1889,45,9332,9203,,,,,,,
Oct-71,1971,10,1824,43,9446,9278,,,,,,,
Nov-71,1971,11,1786,42,9006,8837,,,,,,,
Dec-71,1971,12,1768,40,9429,9321,,,,,,,
Jan-72,1972,1,1792,40,9728,9576,9405,,,,,,
Feb-72,1972,2,1711,37,9399,8996,8857,,,,,,
Mar-72,1972,3,1867,41,10455,10223,10103,,,,,,
Apr-72,1972,4,1717,34,10572,10425,10295,,,,,,
May-72,1972,5,1936,35,11280,11161,11053,,,,,,
Jun-72,1972,6,1913,35,10962,10820,10708,,,,,,
Jul-72,1972,7,1692,33,10455,10288,10212,,,,,,
Aug-72,1972,8,1987,38,9989,9863,9734,,,,,,
Sep-72,1972,9,1880,34,9442,9332,9203,,,,,,
Oct-72,1972,10,2013,37,9438,9446,9278,,,,,,
Nov-72,1972,11,1897,34,8925,9006,8837,,,,,,
Dec-72,1972,12,1813,31,9380,9429,9321,,,,,,
Jan-73,1973,1,1945,36,9532,9728,9576,9405,,,,,
Feb-73,1973,2,1675,29,8945,9399,8996,8857,,,,,
Mar-73,1973,3,1774,31,10184,10455,10223,10103,,,,,
Apr-73,1973,4,1483,24,10303,10572,10425,10295,,,,,
May-73,1973,5,1826,27,10960,11280,11161,11053,,,,,
Jun-73,1973,6,1740,25,10542,10962,10820,10708,,,,,
Jul-73,1973,7,1695,24,10021,10455,10288,10212,,,,,
Aug-73,1973,8,1662,25,9496,9989,9863,9734,,,,,
Sep-73,1973,9,1641,24,8885,9442,9332,9203,,,,,
Oct-73,1973,10,1996,28,8957,9438,9446,9278,,,,,
Nov-73,1973,11,1874,28,8603,8925,9006,8837,,,,,
Dec-73,1973,12,1778,24,9063,9380,9429,9321,,,,,
Jan-74,1974,1,1973,29,9335,9532,9728,9576,9405,,,,
Feb-74,1974,2,1603,25,8763,8945,9399,8996,8857,,,,
Mar-74,1974,3,1858,29,9989,10184,10455,10223,10103,,,,
Apr-74,1974,4,1853,28,10124,10303,10572,10425,10295,,,,
May-74,1974,5,1945,29,10869,10960,11280,11161,11053,,,,
Jun-74,1974,6,1839,27,10615,10542,10962,10820,10708,,,,
Jul-74,1974,7,1941,34,10171,10021,10455,10288,10212,,,,
Aug-74,1974,8,1953,40,9711,9496,9989,9863,9734,,,,
Sep-74,1974,9,1857,47,9137,8885,9442,9332,9203,,,,
Oct-74,1974,10,2151,59,9100,8957,9438,9446,9278,,,,
Nov-74,1974,11,1952,48,8663,8603,8925,9006,8837,,,,
Dec-74,1974,12,1918,47,9109,9063,9380,9429,9321,,,,
Jan-75,1975,1,2106,59,9358,9335,9532,9728,9576,9405,,,
Feb-75,1975,2,1845,50,8773,8763,8945,9399,8996,8857,,,
Mar-75,1975,3,1891,57,9999,9989,10184,10455,10223,10103,,,
Apr-75,1975,4,1895,60,10116,10124,10303,10572,10425,10295,,,
May-75,1975,5,1849,59,10787,10869,10960,11280,11161,11053,,,
Jun-75,1975,6,1849,63,10445,10615,10542,10962,10820,10708,,,
Jul-75,1975,7,1916,77,9975,10171,10021,10455,10288,10212,,,
Aug-75,1975,8,1961,73,9544,9711,9496,9989,9863,9734,,,
Sep-75,1975,9,2065,82,9050,9137,8885,9442,9332,9203,,,
Oct-75,1975,10,2270,95,9162,9100,8957,9438,9446,9278,,,
Nov-75,1975,11,1970,76,8832,8663,8603,8925,9006,8837,,,
Dec-75,1975,12,2055,76,9357,9109,9063,9380,9429,9321,,,
Jan-76,1976,1,2208,73,9597,9358,9335,9532,9728,9576,9405,,
Feb-76,1976,2,1966,62,9289,8773,8763,8945,9399,8996,8857,,
Mar-76,1976,3,2318,71,10285,9999,9989,10184,10455,10223,10103,,
Apr-76,1976,4,2015,59,10475,10116,10124,10303,10572,10425,10295,,
May-76,1976,5,1969,56,11107,10787,10869,10960,11280,11161,11053,,
Jun-76,1976,6,2161,63,10786,10445,10615,10542,10962,10820,10708,,
Jul-76,1976,7,2111,62,10435,9975,10171,10021,10455,10288,10212,,
Aug-76,1976,8,2233,67,10117,9544,9711,9496,9989,9863,9734,,
Sep-76,1976,9,2274,75,9590,9050,9137,8885,9442,9332,9203,,
Oct-76,1976,10,2203,75,9603,9162,9100,8957,9438,9446,9278,,
Nov-76,1976,11,2096,72,9210,8832,8663,8603,8925,9006,8837,,
Dec-76,1976,12,2113,77,9686,9357,9109,9063,9380,9429,9321,,
Jan-77,1977,1,2116,68,9888,9597,9358,9335,9532,9728,9576,9405,
Feb-77,1977,2,1981,63,9285,9289,8773,8763,8945,9399,8996,8857,
Mar-77,1977,3,2190,70,10580,10285,9999,9989,10184,10455,10223,10103,
Apr-77,1977,4,1985,59,10732,10475,10116,10124,10303,10572,10425,10295,
May-77,1977,5,1991,61,11358,11107,10787,10869,10960,11280,11161,11053,
Jun-77,1977,6,2182,66,10968,10786,10445,10615,10542,10962,10820,10708,
Jul-77,1977,7,1970,62,10671,10435,9975,10171,10021,10455,10288,10212,
Aug-77,1977,8,2229,72,10362,10117,9544,9711,9496,9989,9863,9734,
Sep-77,1977,9,2122,71,9810,9590,9050,9137,8885,9442,9332,9203,
Oct-77,1977,10,2095,70,9824,9603,9162,9100,8957,9438,9446,9278,
Nov-77,1977,11,2080,68,9380,9210,8832,8663,8603,8925,9006,8837,
Dec-77,1977,12,2045,63,9797,9686,9357,9109,9063,9380,9429,9321,
Jan-78,1978,1,2078,62,9958,9888,9597,9358,9335,9532,9728,9576,9405
Feb-78,1978,2,1954,56,9242,9285,9289,8773,8763,8945,9399,8996,8857
Mar-78,1978,3,2074,60,10491,10580,10285,9999,9989,10184,10455,10223,10103
Apr-78,1978,4,1910,50,10610,10732,10475,10116,10124,10303,10572,10425,10295
May-78,1978,5,2066,52,11151,11358,11107,10787,10869,10960,11280,11161,11053
Jun-78,1978,6,1962,47,10817,10968,10786,10445,10615,10542,10962,10820,10708
Jul-78,1978,7,1852,44,10503,10671,10435,9975,10171,10021,10455,10288,10212
Aug-78,1978,8,2097,50,10182,10362,10117,9544,9711,9496,9989,9863,9734
Sep-78,1978,9,1974,45,9683,9810,9590,9050,9137,8885,9442,9332,9203
Oct-78,1978,10,2103,48,9780,9824,9603,9162,9100,8957,9438,9446,9278
Nov-78,1978,11,2038,45,9320,9380,9210,8832,8663,8603,8925,9006,8837
Dec-78,1978,12,1901,40,9724,9797,9686,9357,9109,9063,9380,9429,9321
Jan-79,1979,1,2070,41,9954,9958,9888,9597,9358,9335,9532,9728,9576
Feb-79,1979,2,1700,35,9274,9242,9285,9289,8773,8763,8945,9399,8996
Mar-79,1979,3,1777,38,10528,10491,10580,10285,9999,9989,10184,10455,10223
Apr-79,1979,4,1585,33,10598,10610,10732,10475,10116,10124,10303,10572,10425
May-79,1979,5,1765,33,11240,11151,11358,11107,10787,10869,10960,11280,11161
Jun-79,1979,6,1726,32,10945,10817,10968,10786,10445,10615,10542,10962,10820
Jul-79,1979,7,1683,34,10677,10503,10671,10435,9975,10171,10021,10455,10288
Aug-79,1979,8,1921,34,10404,10182,10362,10117,9544,9711,9496,9989,9863
Sep-79,1979,9,1618,31,9981,9683,9810,9590,9050,9137,8885,9442,9332
Oct-79,1979,10,1942,37,10060,9780,9824,9603,9162,9100,8957,9438,9446
Nov-79,1979,11,1780,33,9619,9320,9380,9210,8832,8663,8603,8925,9006
Dec-79,1979,12,1695,30,10070,9724,9797,9686,9357,9109,9063,9380,9429
Jan-80,1980,1,1888,33,10311,9954,9958,9888,9597,9358,9335,9532,9728
Feb-80,1980,2,1708,28,9965,9274,9242,9285,9289,8773,8763,8945,9399
Mar-80,1980,3,1653,30,10931,10528,10491,10580,10285,9999,9989,10184,10455
Apr-80,1980,4,1742,30,11015,10598,10610,10732,10475,10116,10124,10303,10572
May-80,1980,5,1784,29,11688,11240,11151,11358,11107,10787,10869,10960,11280
Jun-80,1980,6,1725,30,11325,10945,10817,10968,10786,10445,10615,10542,10962
Jul-80,1980,7,1784,31,11063,10677,10503,10671,10435,9975,10171,10021,10455
Aug-80,1980,8,1773,31,10784,10404,10182,10362,10117,9544,9711,9496,9989
Sep-80,1980,9,1827,33,10344,9981,9683,9810,9590,9050,9137,8885,9442
Oct-80,1980,10,2026,38,10451,10060,9780,9824,9603,9162,9100,8957,9438
Nov-80,1980,11,1702,31,10044,9619,9320,9380,9210,8832,8663,8603,8925
Dec-80,1980,12,1857,35,10485,10070,9724,9797,9686,9357,9109,9063,9380
Jan-81,1981,1,1937,35,10803,10311,9954,9958,9888,9597,9358,9335,9532
Feb-81,1981,2,1722,30,10149,9965,9274,9242,9285,9289,8773,8763,8945
Mar-81,1981,3,1900,35,11519,10931,10528,10491,10580,10285,9999,9989,10184
Apr-81,1981,4,1813,32,11531,11015,10598,10610,10732,10475,10116,10124,10303
May-81,1981,5,1764,30,12078,11688,11240,11151,11358,11107,10787,10869,10960
Jun-81,1981,6,1861,32,11552,11325,10945,10817,10968,10786,10445,10615,10542
Jul-81,1981,7,1821,34,11361,11063,10677,10503,10671,10435,9975,10171,10021
Aug-81,1981,8,1828,33,11106,10784,10404,10182,10362,10117,9544,9711,9496
Sep-81,1981,9,1892,38,10625,10344,9981,9683,9810,9590,9050,9137,8885
Oct-81,1981,10,1971,40,10763,10451,10060,9780,9824,9603,9162,9100,8957
Nov-81,1981,11,1803,35,10393,10044,9619,9320,9380,9210,8832,8663,8603
Dec-81,1981,12,1902,40,10890,10485,10070,9724,9797,9686,9357,9109,9063
Jan-82,1982,1,1853,36,11106,10803,10311,9954,9958,9888,9597,9358,9335
Feb-82,1982,2,1725,32,10361,10149,9965,9274,9242,9285,9289,8773,8763
Mar-82,1982,3,1877,39,11700,11519,10931,10528,10491,10580,10285,9999,9989
Apr-82,1982,4,1763,33,11563,11531,11015,10598,10610,10732,10475,10116,10124
May-82,1982,5,1731,31,12214,12078,11688,11240,11151,11358,11107,10787,10869
Jun-82,1982,6,1869,35,11803,11552,11325,10945,10817,10968,10786,10445,10615
Jul-82,1982,7,1802,34,11656,11361,11063,10677,10503,10671,10435,9975,10171
Aug-82,1982,8,1941,35,11371,11106,10784,10404,10182,10362,10117,9544,9711
Sep-82,1982,9,1987,38,10899,10625,10344,9981,9683,9810,9590,9050,9137
Oct-82,1982,10,2020,37,11068,10763,10451,10060,9780,9824,9603,9162,9100
Nov-82,1982,11,1891,36,10635,10393,10044,9619,9320,9380,9210,8832,8663
Dec-82,1982,12,1907,37,11130,10890,10485,10070,9724,9797,9686,9357,9109
Jan-83,1983,1,1928,34,11436,11106,10803,10311,9954,9958,9888,9597,9358
Feb-83,1983,2,1707,32,10695,10361,10149,9965,9274,9242,9285,9289,8773
Mar-83,1983,3,1892,37,12020,11700,11519,10931,10528,10491,10580,10285,9999
Apr-83,1983,4,1727,32,11954,11563,11531,11015,10598,10610,10732,10475,10116
May-83,1983,5,1859,32,12612,12214,12078,11688,11240,11151,11358,11107,10787
Jun-83,1983,6,1970,34,12256,11803,11552,11325,10945,10817,10968,10786,10445
Jul-83,1983,7,1807,33,12039,11656,11361,11063,10677,10503,10671,10435,9975
Aug-83,1983,8,2118,39,11664,11371,11106,10784,10404,10182,10362,10117,9544
Sep-83,1983,9,2090,38,11211,10899,10625,10344,9981,9683,9810,9590,9050
Oct-83,1983,10,2062,41,11394,11068,10763,10451,10060,9780,9824,9603,9162
Nov-83,1983,11,1935,39,10974,10635,10393,10044,9619,9320,9380,9210,8832
Dec-83,1983,12,1965,37,11333,11130,10890,10485,10070,9724,9797,9686,9357
Jan-84,1984,1,1914,39,11365,11436,11106,10803,10311,9954,9958,9888,9597
Feb-84,1984,2,1859,36,10850,10695,10361,10149,9965,9274,9242,9285,9289
Mar-84,1984,3,1937,40,11706,12020,11700,11519,10931,10528,10491,10580,10285
Apr-84,1984,4,1776,36,11656,11954,11563,11531,11015,10598,10610,10732,10475
May-84,1984,5,2060,39,12218,12612,12214,12078,11688,11240,11151,11358,11107
Jun-84,1984,6,1984,38,11700,12256,11803,11552,11325,10945,10817,10968,10786
Jul-84,1984,7,1936,40,11482,12039,11656,11361,11063,10677,10503,10671,10435
Aug-84,1984,8,2112,44,11191,11664,11371,11106,10784,10404,10182,10362,10117
Sep-84,1984,9,1904,39,10771,11211,10899,10625,10344,9981,9683,9810,9590
Oct-84,1984,10,2182,46,10905,11394,11068,10763,10451,10060,9780,9824,9603
Nov-84,1984,11,1924,43,10515,10974,10635,10393,10044,9619,9320,9380,9210
Dec-84,1984,12,1830,39,10992,11333,11130,10890,10485,10070,9724,9797,9686
Jan-85,1985,1,2066,42,11276,11365,11436,11106,10803,10311,9954,9958,9888
Feb-85,1985,2,1768,37,10483,10850,10695,10361,10149,9965,9274,9242,9285
Mar-85,1985,3,1858,40,11866,11706,12020,11700,11519,10931,10528,10491,10580
Apr-85,1985,4,1936,41,12026,11656,11954,11563,11531,11015,10598,10610,10732
May-85,1985,5,2089,42,12872,12218,12612,12214,12078,11688,11240,11151,11358
Jun-85,1985,6,1898,37,12503,11700,12256,11803,11552,11325,10945,10817,10968
Jul-85,1985,7,2059,43,12549,11482,12039,11656,11361,11063,10677,10503,10671
Aug-85,1985,8,2123,41,12331,11191,11664,11371,11106,10784,10404,10182,10362
Sep-85,1985,9,1985,42,11759,10771,11211,10899,10625,10344,9981,9683,9810
Oct-85,1985,10,2108,46,11959,10905,11394,11068,10763,10451,10060,9780,9824
Nov-85,1985,11,1812,42,11501,10515,10974,10635,10393,10044,9619,9320,9380
Dec-85,1985,12,1855,46,11887,10992,11333,11130,10890,10485,10070,9724,9797
Jan-86,1986,1,2140,46,12176,11276,11365,11436,11106,10803,10311,9954,9958
Feb-86,1986,2,1769,40,11221,10483,10850,10695,10361,10149,9965,9274,9242
Mar-86,1986,3,1860,43,12565,11866,11706,12020,11700,11519,10931,10528,10491
Apr-86,1986,4,2110,45,12473,12026,11656,11954,11563,11531,11015,10598,10610
May-86,1986,5,2109,43,13133,12872,12218,12612,12214,12078,11688,11240,11151
Jun-86,1986,6,2027,41,12517,12503,11700,12256,11803,11552,11325,10945,10817
Jul-86,1986,7,2147,45,12235,12549,11482,12039,11656,11361,11063,10677,10503
Aug-86,1986,8,2076,41,11894,12331,11191,11664,11371,11106,10784,10404,10182
Sep-86,1986,9,2050,43,11251,11759,10771,11211,10899,10625,10344,9981,9683
Oct-86,1986,10,2146,44,11344,11959,10905,11394,11068,10763,10451,10060,9780
Nov-86,1986,11,1808,37,10931,11501,10515,10974,10635,10393,10044,9619,9320
Dec-86,1986,12,1971,41,11385,11887,10992,11333,11130,10890,10485,10070,9724
Jan-87,1987,1,2102,39,11668,12176,11276,11365,11436,11106,10803,10311,9954
Feb-87,1987,2,1745,35,10896,11221,10483,10850,10695,10361,10149,9965,9274
Mar-87,1987,3,1907,38,12256,12565,11866,11706,12020,11700,11519,10931,10528
Apr-87,1987,4,1928,34,12222,12473,12026,11656,11954,11563,11531,11015,10598
May-87,1987,5,1851,32,12897,13133,12872,12218,12612,12214,12078,11688,11240
Jun-87,1987,6,1958,35,12328,12517,12503,11700,12256,11803,11552,11325,10945
Jul-87,1987,7,2017,34,12227,12235,12549,11482,12039,11656,11361,11063,10677
Aug-87,1987,8,2007,30,11921,11894,12331,11191,11664,11371,11106,10784,10404
Sep-87,1987,9,2040,35,11432,11251,11759,10771,11211,10899,10625,10344,9981
Oct-87,1987,10,2098,36,11704,11344,11959,10905,11394,11068,10763,10451,10060
Nov-87,1987,11,1828,32,11298,10931,11501,10515,10974,10635,10393,10044,9619
Dec-87,1987,12,1924,36,11860,11385,11887,10992,11333,11130,10890,10485,10070
Jan-88,1988,1,1946,32,12012,11668,12176,11276,11365,11436,11106,10803,10311
Feb-88,1988,2,1829,32,11543,10896,11221,10483,10850,10695,10361,10149,9965
Mar-88,1988,3,1925,33,12574,12256,12565,11866,11706,12020,11700,11519,10931
Apr-88,1988,4,1841,28,12404,12222,12473,12026,11656,11954,11563,11531,11015
May-88,1988,5,1918,30,12965,12897,13133,12872,12218,12612,12214,12078,11688
Jun-88,1988,6,2025,34,12433,12328,12517,12503,11700,12256,11803,11552,11325
Jul-88,1988,7,1982,31,12312,12227,12235,12549,11482,12039,11656,11361,11063
Aug-88,1988,8,2162,35,11975,11921,11894,12331,11191,11664,11371,11106,10784
Sep-88,1988,9,2041,33,11604,11432,11251,11759,10771,11211,10899,10625,10344
Oct-88,1988,10,2007,34,11801,11704,11344,11959,10905,11394,11068,10763,10451
Nov-88,1988,11,1876,33,11413,11298,10931,11501,10515,10974,10635,10393,10044
Dec-88,1988,12,1872,32,11999,11860,11385,11887,10992,11333,11130,10890,10485
Jan-89,1989,1,1899,32,12272,12012,11668,12176,11276,11365,11436,11106,10803
Feb-89,1989,2,1744,28,11379,11543,10896,11221,10483,10850,10695,10361,10149
Mar-89,1989,3,1887,31,12713,12574,12256,12565,11866,11706,12020,11700,11519
Apr-89,1989,4,1756,27,12557,12404,12222,12473,12026,11656,11954,11563,11531
May-89,1989,5,1999,29,12941,12965,12897,13133,12872,12218,12612,12214,12078
Jun-89,1989,6,2022,29,12120,12433,12328,12517,12503,11700,12256,11803,11552
Jul-89,1989,7,1888,27,11952,12312,12227,12235,12549,11482,12039,11656,11361
Aug-89,1989,8,2092,29,11811,11975,11921,11894,12331,11191,11664,11371,11106
Sep-89,1989,9,1913,28,11310,11604,11432,11251,11759,10771,11211,10899,10625
Oct-89,1989,10,2041,31,11628,11801,11704,11344,11959,10905,11394,11068,10763
Nov-89,1989,11,1906,28,11341,11413,11298,10931,11501,10515,10974,10635,10393
Dec-89,1989,12,1827,25,11869,11999,11860,11385,11887,10992,11333,11130,10890
Jan-90,1990,1,1932,27,12259,12272,12012,11668,12176,11276,11365,11436,11106
Feb-90,1990,2,1706,24,11437,11379,11543,10896,11221,10483,10850,10695,10361
Mar-90,1990,3,1870,28,12949,12713,12574,12256,12565,11866,11706,12020,11700
Apr-90,1990,4,1748,22,12714,12557,12404,12222,12473,12026,11656,11954,11563
May-90,1990,5,2007,25,13212,12941,12965,12897,13133,12872,12218,12612,12214
Jun-90,1990,6,1981,25,12590,12120,12433,12328,12517,12503,11700,12256,11803
Jul-90,1990,7,1945,25,12535,11952,12312,12227,12235,12549,11482,12039,11656
Aug-90,1990,8,2063,28,12257,11811,11975,11921,11894,12331,11191,11664,11371
Sep-90,1990,9,1815,26,11667,11310,11604,11432,11251,11759,10771,11211,10899
Oct-90,1990,10,2044,31,12034,11628,11801,11704,11344,11959,10905,11394,11068
Nov-90,1990,11,1842,28,11762,11341,11413,11298,10931,11501,10515,10974,10635
Dec-90,1990,12,1681,27,12304,11869,11999,11860,11385,11887,10992,11333,11130
Jan-91,1991,1,1970,31,12513,12259,12272,12012,11668,12176,11276,11365,11436
Feb-91,1991,2,1695,25,11649,11437,11379,11543,10896,11221,10483,10850,10695
Mar-91,1991,3,1720,25,13018,12949,12713,12574,12256,12565,11866,11706,12020
Apr-91,1991,4,1872,23,12801,12714,12557,12404,12222,12473,12026,11656,11954
May-91,1991,5,1947,23,13186,13212,12941,12965,12897,13133,12872,12218,12612
Jun-91,1991,6,1874,20,12393,12590,12120,12433,12328,12517,12503,11700,12256
Jul-91,1991,7,1996,22,12287,12535,11952,12312,12227,12235,12549,11482,12039
Aug-91,1991,8,2077,22,12161,12257,11811,11975,11921,11894,12331,11191,11664
Sep-91,1991,9,1940,24,11634,11667,11310,11604,11432,11251,11759,10771,11211
Oct-91,1991,10,2114,28,12056,12034,11628,11801,11704,11344,11959,10905,11394
Nov-91,1991,11,1813,26,11676,11762,11341,11413,11298,10931,11501,10515,10974
Dec-91,1991,12,1782,27,12322,12304,11869,11999,11860,11385,11887,10992,11333
Jan-92,1992,1,2039,28,12645,12513,12259,12272,12012,11668,12176,11276,11365
Feb-92,1992,2,1708,25,12057,11649,11437,11379,11543,10896,11221,10483,10850
Mar-92,1992,3,1850,27,13064,13018,12949,12713,12574,12256,12565,11866,11706
Apr-92,1992,4,1787,25,12744,12801,12714,12557,12404,12222,12473,12026,11656
May-92,1992,5,1900,25,13279,13186,13212,12941,12965,12897,13133,12872,12218
Jun-92,1992,6,2039,25,12800,12393,12590,12120,12433,12328,12517,12503,11700
Jul-92,1992,7,2015,24,12806,12287,12535,11952,12312,12227,12235,12549,11482
Aug-92,1992,8,1980,24,12505,12161,12257,11811,11975,11921,11894,12331,11191
Sep-92,1992,9,1996,23,12012,11634,11667,11310,11604,11432,11251,11759,10771
Oct-92,1992,10,2015,24,12379,12056,12034,11628,11801,11704,11344,11959,10905
Nov-92,1992,11,1784,23,11978,11676,11762,11341,11413,11298,10931,11501,10515
Dec-92,1992,12,1855,26,12578,12322,12304,11869,11999,11860,11385,11887,10992
Jan-93,1993,1,1822,22,12725,12645,12513,12259,12272,12012,11668,12176,11276
Feb-93,1993,2,1677,21,11724,12057,11649,11437,11379,11543,10896,11221,10483
Mar-93,1993,3,1858,26,13129,13064,13018,12949,12713,12574,12256,12565,11866
Apr-93,1993,4,1782,22,12919,12744,12801,12714,12557,12404,12222,12473,12026
May-93,1993,5,1857,19,13509,13279,13186,13212,12941,12965,12897,13133,12872
Jun-93,1993,6,2051,22,12935,12800,12393,12590,12120,12433,12328,12517,12503
Jul-93,1993,7,1984,21,12850,12806,12287,12535,11952,12312,12227,12235,12549
Aug-93,1993,8,2065,23,12439,12505,12161,12257,11811,11975,11921,11894,12331
Sep-93,1993,9,2027,22,11919,12012,11634,11667,11310,11604,11432,11251,11759
Oct-93,1993,10,1980,22,12247,12379,12056,12034,11628,11801,11704,11344,11959
Nov-93,1993,11,1891,23,11826,11978,11676,11762,11341,11413,11298,10931,11501
Dec-93,1993,12,1948,24,12414,12578,12322,12304,11869,11999,11860,11385,11887
Jan-94,1994,1,1942,23,12698,12725,12645,12513,12259,12272,12012,11668,12176
Feb-94,1994,2,1802,22,11645,11724,12057,11649,11437,11379,11543,10896,11221
Mar-94,1994,3,2001,26,13243,13129,13064,13018,12949,12713,12574,12256,12565
Apr-94,1994,4,1901,22,13104,12919,12744,12801,12714,12557,12404,12222,12473
May-94,1994,5,1985,22,13711,13509,13279,13186,13212,12941,12965,12897,13133
Jun-94,1994,6,2156,24,13072,12935,12800,12393,12590,12120,12433,12328,12517
Jul-94,1994,7,2027,21,13021,12850,12806,12287,12535,11952,12312,12227,12235
Aug-94,1994,8,2215,24,12828,12439,12505,12161,12257,11811,11975,11921,11894
Sep-94,1994,9,2135,23,12336,11919,12012,11634,11667,11310,11604,11432,11251
Oct-94,1994,10,2116,25,12747,12247,12379,12056,12034,11628,11801,11704,11344
Nov-94,1994,11,1978,25,12319,11826,11978,11676,11762,11341,11413,11298,10931
Dec-94,1994,12,2020,26,12878,12414,12578,12322,12304,11869,11999,11860,11385
Jan-95,1995,1,2010,27,13170,12698,12725,12645,12513,12259,12272,12012,11668
Feb-95,1995,2,1811,24,12126,11645,11724,12057,11649,11437,11379,11543,10896
Mar-95,1995,3,2067,27,13622,13243,13129,13064,13018,12949,12713,12574,12256
Apr-95,1995,4,1854,22,13330,13104,12919,12744,12801,12714,12557,12404,12222
May-95,1995,5,2186,26,13868,13711,13509,13279,13186,13212,12941,12965,12897
Jun-95,1995,6,2285,26,13267,13072,12935,12800,12393,12590,12120,12433,12328
Jul-95,1995,7,2089,24,13141,13021,12850,12806,12287,12535,11952,12312,12227
Aug-95,1995,8,2316,26,12751,12828,12439,12505,12161,12257,11811,11975,11921
Sep-95,1995,9,2220,26,12316,12336,11919,12012,11634,11667,11310,11604,11432
Oct-95,1995,10,2181,27,12674,12747,12247,12379,12056,12034,11628,11801,11704
Nov-95,1995,11,2098,27,12232,12319,11826,11978,11676,11762,11341,11413,11298
Dec-95,1995,12,1998,26,12795,12878,12414,12578,12322,12304,11869,11999,11860
Jan-96,1996,1,2220,30,13068,13170,12698,12725,12645,12513,12259,12272,12012
Feb-96,1996,2,2048,30,12411,12126,11645,11724,12057,11649,11437,11379,11543
Mar-96,1996,3,2035,30,13509,13622,13243,13129,13064,13018,12949,12713,12574
Apr-96,1996,4,2154,28,13211,13330,13104,12919,12744,12801,12714,12557,12404
May-96,1996,5,2302,30,13561,13868,13711,13509,13279,13186,13212,12941,12965
Jun-96,1996,6,2186,29,12815,13267,13072,12935,12800,12393,12590,12120,12433
Jul-96,1996,7,2194,32,12773,13141,13021,12850,12806,12287,12535,11952,12312
Aug-96,1996,8,2262,32,12594,12751,12828,12439,12505,12161,12257,11811,11975
Sep-96,1996,9,1934,31,12197,12316,12336,11919,12012,11634,11667,11310,11604
Oct-96,1996,10,2179,34,12684,12674,12747,12247,12379,12056,12034,11628,11801
Nov-96,1996,11,1955,30,12288,12232,12319,11826,11978,11676,11762,11341,11413
Dec-96,1996,12,1950,31,12895,12795,12878,12414,12578,12322,12304,11869,11999
Jan-97,1997,1,2222,31,13106,13068,13170,12698,12725,12645,12513,12259,12272
Feb-97,1997,2,1919,27,12104,12411,12126,11645,11724,12057,11649,11437,11379
Mar-97,1997,3,1966,28,13649,13509,13622,13243,13129,13064,13018,12949,12713
Apr-97,1997,4,2095,28,13379,13211,13330,13104,12919,12744,12801,12714,12557
May-97,1997,5,2189,26,13870,13561,13868,13711,13509,13279,13186,13212,12941
Jun-97,1997,6,2132,26,13325,12815,13267,13072,12935,12800,12393,12590,12120
Jul-97,1997,7,2256,27,13265,12773,13141,13021,12850,12806,12287,12535,11952
Aug-97,1997,8,2221,25,13000,12594,12751,12828,12439,12505,12161,12257,11811
Sep-97,1997,9,2126,28,12362,12197,12316,12336,11919,12012,11634,11667,11310
Oct-97,1997,10,2300,28,12768,12684,12674,12747,12247,12379,12056,12034,11628
Nov-97,1997,11,1934,24,12325,12288,12232,12319,11826,11978,11676,11762,11341
Dec-97,1997,12,2024,26,12938,12895,12795,12878,12414,12578,12322,12304,11869
Jan-98,1998,1,2157,24,13275,13106,13068,13170,12698,12725,12645,12513,12259
Feb-98,1998,2,1977,21,12188,12104,12411,12126,11645,11724,12057,11649,11437
Mar-98,1998,3,2081,23,13692,13649,13509,13622,13243,13129,13064,13018,12949
Apr-98,1998,4,2090,20,13485,13379,13211,13330,13104,12919,12744,12801,12714
May-98,1998,5,2123,19,13992,13870,13561,13868,13711,13509,13279,13186,13212
Jun-98,1998,6,2248,20,13276,13325,12815,13267,13072,12935,12800,12393,12590
Jul-98,1998,7,2213,21,13159,13265,12773,13141,13021,12850,12806,12287,12535
Aug-98,1998,8,2228,20,12932,13000,12594,12751,12828,12439,12505,12161,12257
Sep-98,1998,9,2197,22,12395,12362,12197,12316,12336,11919,12012,11634,11667
Oct-98,1998,10,2236,21,12921,12768,12684,12674,12747,12247,12379,12056,12034
Nov-98,1998,11,2003,19,12602,12325,12288,12232,12319,11826,11978,11676,11762
Dec-98,1998,12,2100,22,13345,12938,12895,12795,12878,12414,12578,12322,12304
Jan-99,1999,1,2170,18,13618,13275,13106,13068,13170,12698,12725,12645,12513
Feb-99,1999,2,1998,17,12593,12188,12104,12411,12126,11645,11724,12057,11649
Mar-99,1999,3,2231,20,14250,13692,13649,13509,13622,13243,13129,13064,13018
Apr-99,1999,4,2155,18,13919,13485,13379,13211,13330,13104,12919,12744,12801
May-99,1999,5,2151,17,14453,13992,13870,13561,13868,13711,13509,13279,13186
Jun-99,1999,6,2321,19,13625,13276,13325,12815,13267,13072,12935,12800,12393
Jul-99,1999,7,2256,19,13430,13159,13265,12773,13141,13021,12850,12806,12287
Aug-99,1999,8,2307,20,13348,12932,13000,12594,12751,12828,12439,12505,12161
Sep-99,1999,9,2275,20,12954,12395,12362,12197,12316,12336,11919,12012,11634
Oct-99,1999,10,2265,19,13410,12921,12768,12684,12674,12747,12247,12379,12056
Nov-99,1999,11,2144,19,13140,12602,12325,12288,12232,12319,11826,11978,11676
Dec-99,1999,12,2113,20,13849,13345,12938,12895,12795,12878,12414,12578,12322
Jan-00,2000,1,2178,17,14242,13618,13275,13106,13068,13170,12698,12725,12645
Feb-00,2000,2,2175,18,13582,12593,12188,12104,12411,12126,11645,11724,12057
Mar-00,2000,3,2300,20,14752,14250,13692,13649,13509,13622,13243,13129,13064
Apr-00,2000,4,2027,17,14380,13919,13485,13379,13211,13330,13104,12919,12744
May-00,2000,5,2303,19,14774,14453,13992,13870,13561,13868,13711,13509,13279
Jun-00,2000,6,2369,18,13989,13625,13276,13325,12815,13267,13072,12935,12800
Jul-00,2000,7,2202,18,14086,13430,13159,13265,12773,13141,13021,12850,12806
Aug-00,2000,8,2437,17,13766,13348,12932,13000,12594,12751,12828,12439,12505
Sep-00,2000,9,2275,17,13210,12954,12395,12362,12197,12316,12336,11919,12012
Oct-00,2000,10,2345,18,13691,13410,12921,12768,12684,12674,12747,12247,12379
Nov-00,2000,11,2169,18,13172,13140,12602,12325,12288,12232,12319,11826,11978
Dec-00,2000,12,1997,18,13749,13849,13345,12938,12895,12795,12878,12414,12578
1-Jan,2001,1,2205,18,14003,14242,13618,13275,13106,13068,13170,12698,12725
1-Feb,2001,2,1881,16,12867,13582,12593,12188,12104,12411,12126,11645,11724
1-Mar,2001,3,2096,16,14380,14752,14250,13692,13649,13509,13622,13243,13129
1-Apr,2001,4,1939,15,14077,14380,13919,13485,13379,13211,13330,13104,12919
1-May,2001,5,2294,16,14649,14774,14453,13992,13870,13561,13868,13711,13509
1-Jun,2001,6,2269,16,13959,13989,13625,13276,13325,12815,13267,13072,12935
1-Jul,2001,7,2177,16,13849,14086,13430,13159,13265,12773,13141,13021,12850
1-Aug,2001,8,2425,17,13537,13766,13348,12932,13000,12594,12751,12828,12439
1-Sep,2001,9,2121,15,13122,13210,12954,12395,12362,12197,12316,12336,11919
1-Oct,2001,10,2389,18,13598,13691,13410,12921,12768,12684,12674,12747,12247
1-Nov,2001,11,2201,16,13303,13172,13140,12602,12325,12288,12232,12319,11826
1-Dec,2001,12,2110,16,13988,13749,13849,13345,12938,12895,12795,12878,12414
2-Jan,2002,1,2331,17,14321,14003,14242,13618,13275,13106,13068,13170,12698
2-Feb,2002,2,1987,14,13259,12867,13582,12593,12188,12104,12411,12126,11645
2-Mar,2002,3,2059,15,14905,14380,14752,14250,13692,13649,13509,13622,13243
2-Apr,2002,4,2195,16,14620,14077,14380,13919,13485,13379,13211,13330,13104
2-May,2002,5,2336,16,15144,14649,14774,14453,13992,13870,13561,13868,13711
2-Jun,2002,6,2302,15,14325,13959,13989,13625,13276,13325,12815,13267,13072
2-Jul,2002,7,2427,17,14225,13849,14086,13430,13159,13265,12773,13141,13021
2-Aug,2002,8,2469,17,14145,13537,13766,13348,12932,13000,12594,12751,12828
2-Sep,2002,9,2201,16,13476,13122,13210,12954,12395,12362,12197,12316,12336
2-Oct,2002,10,2512,19,13897,13598,13691,13410,12921,12768,12684,12674,12747
2-Nov,2002,11,2164,17,13499,13303,13172,13140,12602,12325,12288,12232,12319
2-Dec,2002,12,2107,18,14247,13988,13749,13849,13345,12938,12895,12795,12878
3-Jan,2003,1,2291,18,14599,14321,14003,14242,13618,13275,13106,13068,13170
3-Feb,2003,2,1942,16,13448,13259,12867,13582,12593,12188,12104,12411,12126
3-Mar,2003,3,2048,17,15044,14905,14380,14752,14250,13692,13649,13509,13622
3-Apr,2003,4,2151,16,14641,14620,14077,14380,13919,13485,13379,13211,13330
3-May,2003,5,2360,16,15011,15144,14649,14774,14453,13992,13870,13561,13868
3-Jun,2003,6,2391,15,14337,14325,13959,13989,13625,13276,13325,12815,13267
3-Jul,2003,7,2439,15,14257,14225,13849,14086,13430,13159,13265,12773,13141
3-Aug,2003,8,2328,14,14017,14145,13537,13766,13348,12932,13000,12594,12751
3-Sep,2003,9,2314,15,13466,13476,13122,13210,12954,12395,12362,12197,12316
3-Oct,2003,10,2212,16,13891,13897,13598,13691,13410,12921,12768,12684,12674
3-Nov,2003,11,1783,15,13464,13499,13303,13172,13140,12602,12325,12288,12232
3-Dec,2003,12,1978,19,14173,14247,13988,13749,13849,13345,12938,12895,12795
4-Jan,2004,1,1926,16,14394,14599,14321,14003,14242,13618,13275,13106,13068
4-Feb,2004,2,1804,15,13605,13448,13259,12867,13582,12593,12188,12104,12411
4-Mar,2004,3,2108,14,14763,15044,14905,14380,14752,14250,13692,13649,13509
4-Apr,2004,4,1956,14,14532,14641,14620,14077,14380,13919,13485,13379,13211
4-May,2004,5,2070,14,15029,15011,15144,14649,14774,14453,13992,13870,13561
4-Jun,2004,6,2227,13,14278,14337,14325,13959,13989,13625,13276,13325,12815
4-Jul,2004,7,2104,13,14396,14257,14225,13849,14086,13430,13159,13265,12773
4-Aug,2004,8,2151,14,14206,14017,14145,13537,13766,13348,12932,13000,12594
4-Sep,2004,9,2105,13,13610,13466,13476,13122,13210,12954,12395,12362,12197
4-Oct,2004,10,2114,12,14081,13891,13897,13598,13691,13410,12921,12768,12684
4-Nov,2004,11,1941,14,13622,13464,13499,13303,13172,13140,12602,12325,12288
4-Dec,2004,12,2042,15,14316,14173,14247,13988,13749,13849,13345,12938,12895
5-Jan,2005,1,1916,13,14606,14394,14599,14321,14003,14242,13618,13275,13106
5-Feb,2005,2,1767,12,13523,13605,13448,13259,12867,13582,12593,12188,12104
5-Mar,2005,3,2042,13,15197,14763,15044,14905,14380,14752,14250,13692,13649
5-Apr,2005,4,1888,13,15046,14532,14641,14620,14077,14380,13919,13485,13379
5-May,2005,5,2074,13,15696,15029,15011,15144,14649,14774,14453,13992,13870
5-Jun,2005,6,2227,13,15083,14278,14337,14325,13959,13989,13625,13276,13325
5-Jul,2005,7,2083,12,14977,14396,14257,14225,13849,14086,13430,13159,13265
5-Aug,2005,8,2319,14,14891,14206,14017,14145,13537,13766,13348,12932,13000
5-Sep,2005,9,2158,13,14253,13610,13466,13476,13122,13210,12954,12395,12362
5-Oct,2005,10,2081,13,14609,14081,13891,13897,13598,13691,13410,12921,12768
5-Nov,2005,11,2071,12,14199,13622,13464,13499,13303,13172,13140,12602,12325
5-Dec,2005,12,2057,14,14851,14316,14173,14247,13988,13749,13849,13345,12938
6-Jan,2006,1,2051,12,15348,14606,14394,14599,14321,14003,14242,13618,13275
6-Feb,2006,2,1827,11,14248,13523,13605,13448,13259,12867,13582,12593,12188
6-Mar,2006,3,2204,13,15967,15197,14763,15044,14905,14380,14752,14250,13692
6-Apr,2006,4,1969,10,15535,15046,14532,14641,14620,14077,14380,13919,13485
6-May,2006,5,2309,13,16061,15696,15029,15011,15144,14649,14774,14453,13992
6-Jun,2006,6,2446,12,15329,15083,14278,14337,14325,13959,13989,13625,13276
6-Jul,2006,7,2214,11,15156,14977,14396,14257,14225,13849,14086,13430,13159
6-Aug,2006,8,2450,13,15046,14891,14206,14017,14145,13537,13766,13348,12932
6-Sep,2006,9,2170,12,14473,14253,13610,13466,13476,13122,13210,12954,12395
6-Oct,2006,10,2236,13,14839,14609,14081,13891,13897,13598,13691,13410,12921
6-Nov,2006,11,2227,13,14507,14199,13622,13464,13499,13303,13172,13140,12602
6-Dec,2006,12,2050,13,15273,14851,14316,14173,14247,13988,13749,13849,13345
7-Jan,2007,1,2166,14,15607,15348,14606,14394,14599,14321,14003,14242,13618
7-Feb,2007,2,1953,12,14323,14248,13523,13605,13448,13259,12867,13582,12593
7-Mar,2007,3,2118,14,16133,15967,15197,14763,15044,14905,14380,14752,14250
7-Apr,2007,4,2015,12,15765,15535,15046,14532,14641,14620,14077,14380,13919
7-May,2007,5,2285,12,16194,16061,15696,15029,15011,15144,14649,14774,14453
7-Jun,2007,6,2349,11,15479,15329,15083,14278,14337,14325,13959,13989,13625
7-Jul,2007,7,2257,11,15715,15156,14977,14396,14257,14225,13849,14086,13430
7-Aug,2007,8,2451,10,15525,15046,14891,14206,14017,14145,13537,13766,13348
7-Sep,2007,9,2095,9,14871,14473,14253,13610,13466,13476,13122,13210,12954
7-Oct,2007,10,2443,11,15391,14839,14609,14081,13891,13897,13598,13691,13410
7-Nov,2007,11,2229,10,15016,14507,14199,13622,13464,13499,13303,13172,13140
7-Dec,2007,12,2061,10,15635,15273,14851,14316,14173,14247,13988,13749,13849
8-Jan,2008,1,2233,11,15980,15607,15348,14606,14394,14599,14321,14003,14242
8-Feb,2008,2,2039,11,15180,14323,14248,13523,13605,13448,13259,12867,13582
8-Mar,2008,3,2101,11,16462,16133,15967,15197,14763,15044,14905,14380,14752
8-Apr,2008,4,2255,12,16118,15765,15535,15046,14532,14641,14620,14077,14380
8-May,2008,5,2380,12,16703,16194,16061,15696,15029,15011,15144,14649,14774
8-Jun,2008,6,2263,12,15940,15479,15329,15083,14278,14337,14325,13959,13989
8-Jul,2008,7,2372,12,15988,15715,15156,14977,14396,14257,14225,13849,14086
8-Aug,2008,8,2267,11,15747,15525,15046,14891,14206,14017,14145,13537,13766
8-Sep,2008,9,2270,13,15124,14871,14473,14253,13610,13466,13476,13122,13210
8-Oct,2008,10,2341,14,15615,15391,14839,14609,14081,13891,13897,13598,13691
8-Nov,2008,11,1959,11,15213,15016,14507,14199,13622,13464,13499,13303,13172
8-Dec,2008,12,2082,13,15908,15635,15273,14851,14316,14173,14247,13988,13749
9-Jan,2009,1,2118,12,16123,15980,15607,15348,14606,14394,14599,14321,14003
9-Feb,2009,2,1986,11,14738,15180,14323,14248,13523,13605,13448,13259,12867
9-Mar,2009,3,2144,12,16471,16462,16133,15967,15197,14763,15044,14905,14380
9-Apr,2009,4,2133,11,16130,16118,15765,15535,15046,14532,14641,14620,14077
9-May,2009,5,2179,10,16792,16703,16194,16061,15696,15029,15011,15144,14649
9-Jun,2009,6,2289,12,15928,15940,15479,15329,15083,14278,14337,14325,13959
9-Jul,2009,7,2271,11,16011,15988,15715,15156,14977,14396,14257,14225,13849
9-Aug,2009,8,2184,11,15732,15747,15525,15046,14891,14206,14017,14145,13537
9-Sep,2009,9,2234,12,15039,15124,14871,14473,14253,13610,13466,13476,13122
9-Oct,2009,10,2276,12,15415,15615,15391,14839,14609,14081,13891,13897,13598
9-Nov,2009,11,2016,12,15060,15213,15016,14507,14199,13622,13464,13499,13303
9-Dec,2009,12,2134,13,15763,15908,15635,15273,14851,14316,14173,14247,13988
10-Jan,2010,1,2082,12,16013,16123,15980,15607,15348,14606,14394,14599,14321
10-Feb,2010,2,1955,11,14750,14738,15180,14323,14248,13523,13605,13448,13259
10-Mar,2010,3,2211,12,16607,16471,16462,16133,15967,15197,14763,15044,14905
10-Apr,2010,4,2139,11,16419,16130,16118,15765,15535,15046,14532,14641,14620
10-May,2010,5,2087,10,17042,16792,16703,16194,16061,15696,15029,15011,15144
10-Jun,2010,6,2320,11,16356,15928,15940,15479,15329,15083,14278,14337,14325
10-Jul,2010,7,2230,11,16447,16011,15988,15715,15156,14977,14396,14257,14225
10-Aug,2010,8,2287,11,16105,15732,15747,15525,15046,14891,14206,14017,14145
10-Sep,2010,9,2252,11,15550,15039,15124,14871,14473,14253,13610,13466,13476
10-Oct,2010,10,2235,11,15914,15415,15615,15391,14839,14609,14081,13891,13897
10-Nov,2010,11,2236,11,15514,15060,15213,15016,14507,14199,13622,13464,13499
10-Dec,2010,12,2271,12,16160,15763,15908,15635,15273,14851,14316,14173,14247
11-Jan,2011,1,2123,11,16396,16013,16123,15980,15607,15348,14606,14394,14599
11-Feb,2011,2,2020,11,15075,14750,14738,15180,14323,14248,13523,13605,13448
11-Mar,2011,3,2266,12,16990,16607,16471,16462,16133,15967,15197,14763,15044
11-Apr,2011,4,2053,10,16657,16419,16130,16118,15765,15535,15046,14532,14641
11-May,2011,5,2132,10,17279,17042,16792,16703,16194,16061,15696,15029,15011
11-Jun,2011,6,2375,11,16514,16356,15928,15940,15479,15329,15083,14278,14337
11-Jul,2011,7,2134,10,16478,16447,16011,15988,15715,15156,14977,14396,14257
11-Aug,2011,8,2387,11,16425,16105,15732,15747,15525,15046,14891,14206,14017
11-Sep,2011,9,2215,11,15780,15550,15039,15124,14871,14473,14253,13610,13466
11-Oct,2011,10,2215,11,16272,15914,15415,15615,15391,14839,14609,14081,13891
11-Nov,2011,11,2149,11,15820,15514,15060,15213,15016,14507,14199,13622,13464
11-Dec,2011,12,2126,11,16569,16160,15763,15908,15635,15273,14851,14316,14173
12-Jan,2012,1,2113,10,17048,16396,16013,16123,15980,15607,15348,14606,14394
12-Feb,2012,2,2009,10,16342,15075,14750,14738,15180,14323,14248,13523,13605
12-Mar,2012,3,2160,10,17746,16990,16607,16471,16462,16133,15967,15197,14763
12-Apr,2012,4,1991,10,17257,16657,16419,16130,16118,15765,15535,15046,14532
12-May,2012,5,2232,10,17631,17279,17042,16792,16703,16194,16061,15696,15029
12-Jun,2012,6,2251,9,16712,16514,16356,15928,15940,15479,15329,15083,14278
12-Jul,2012,7,2201,10,16610,16478,16447,16011,15988,15715,15156,14977,14396
12-Aug,2012,8,2369,10,16431,16425,16105,15732,15747,15525,15046,14891,14206
12-Sep,2012,9,2016,9,15713,15780,15550,15039,15124,14871,14473,14253,13610
12-Oct,2012,10,2345,10,16277,16272,15914,15415,15615,15391,14839,14609,14081
12-Nov,2012,11,2208,10,16015,15820,15514,15060,15213,15016,14507,14199,13622
12-Dec,2012,12,2020,10,16860,16569,16160,15763,15908,15635,15273,14851,14316
13-Jan,2013,1,2261,11,17119,17048,16396,16013,16123,15980,15607,15348,14606
13-Feb,2013,2,1873,9,15762,16342,15075,14750,14738,15180,14323,14248,13523
13-Mar,2013,3,2040,9,17681,17746,16990,16607,16471,16462,16133,15967,15197
13-Apr,2013,4,2129,9,17260,17257,16657,16419,16130,16118,15765,15535,15046
13-May,2013,5,2228,9,17829,17631,17279,17042,16792,16703,16194,16061,15696
13-Jun,2013,6,2157,8,16948,16712,16514,16356,15928,15940,15479,15329,15083
13-Jul,2013,7,2294,10,16794,16610,16478,16447,16011,15988,15715,15156,14977
13-Aug,2013,8,2241,9,16796,16431,16425,16105,15732,15747,15525,15046,14891
13-Sep,2013,9,2074,9,15839,15713,15780,15550,15039,15124,14871,14473,14253
13-Oct,2013,10,2318,10,16462,16277,16272,15914,15415,15615,15391,14839,14609
13-Nov,2013,11,2058,9,15998,16015,15820,15514,15060,15213,15016,14507,14199
13-Dec,2013,12,2047,10,16772,16860,16569,16160,15763,15908,15635,15273,14851
14-Jan,2014,1,2141,9,17276,17119,17048,16396,16013,16123,15980,15607,15348
14-Feb,2014,2,1788,8,15897,15762,16342,15075,14750,14738,15180,14323,14248
14-Mar,2014,3,1937,9,17832,17681,17746,16990,16607,16471,16462,16133,15967
14-Apr,2014,4,2043,8,17484,17260,17257,16657,16419,16130,16118,15765,15535
14-May,2014,5,2072,8,18104,17829,17631,17279,17042,16792,16703,16194,16061
14-Jun,2014,6,2069,8,17329,16948,16712,16514,16356,15928,15940,15479,15329
14-Jul,2014,7,2087,8,17434,16794,16610,16478,16447,16011,15988,15715,15156
14-Aug,2014,8,2024,7,17223,16796,16431,16425,16105,15732,15747,15525,15046
14-Sep,2014,9,2068,7,16511,15839,15713,15780,15550,15039,15124,14871,14473
14-Oct,2014,10,2171,8,17066,16462,16277,16272,15914,15415,15615,15391,14839
14-Nov,2014,11,1850,7,16555,15998,16015,15820,15514,15060,15213,15016,14507
14-Dec,2014,12,2000,8,17337,16772,16860,16569,16160,15763,15908,15635,15273
15-Jan,2015,1,1964,7,17682,17276,17119,17048,16396,16013,16123,15980,15607
15-Feb,2015,2,1768,6,16169,15897,15762,16342,15075,14750,14738,15180,14323
15-Mar,2015,3,1933,7,18077,17832,17681,17746,16990,16607,16471,16462,16133
15-Apr,2015,4,1929,7,17795,17484,17260,17257,16657,16419,16130,16118,15765
15-May,2015,5,1926,7,18434,18104,17829,17631,17279,17042,16792,16703,16194
15-Jun,2015,6,2002,7,17510,17329,16948,16712,16514,16356,15928,15940,15479
15-Jul,2015,7,2047,7,17659,17434,16794,16610,16478,16447,16011,15988,15715
15-Aug,2015,8,1935,7,17391,17223,16796,16431,16425,16105,15732,15747,15525
15-Sep,2015,9,2087,7,16595,16511,15839,15713,15780,15550,15039,15124,14871
15-Oct,2015,10,2126,7,17106,17066,16462,16277,16272,15914,15415,15615,15391
15-Nov,2015,11,1936,7,16667,16555,15998,16015,15820,15514,15060,15213,15016
15-Dec,2015,12,2046,8,17423,17337,16772,16860,16569,16160,15763,15908,15635
16-Jan,2016,1,1954,7,17671,17682,17276,17119,17048,16396,16013,16123,15980
16-Feb,2016,2,1886,6,16900,16169,15897,15762,16342,15075,14750,14738,15180
16-Mar,2016,3,2097,6,18404,18077,17832,17681,17746,16990,16607,16471,16462
16-Apr,2016,4,1964,6,17956,17795,17484,17260,17257,16657,16419,16130,16118
16-May,2016,5,2030,6,18614,18434,18104,17829,17631,17279,17042,16792,16703
16-Jun,2016,6,2193,6,17774,17510,17329,16948,16712,16514,16356,15928,15940
16-Jul,2016,7,2024,6,17903,17659,17434,16794,16610,16478,16447,16011,15988
16-Aug,2016,8,2266,6,17693,17391,17223,16796,16431,16425,16105,15732,15747
16-Sep,2016,9,2182,6,16985,16595,16511,15839,15713,15780,15550,15039,15124
16-Oct,2016,10,2211,7,17554,17106,17066,16462,16277,16272,15914,15415,15615
16-Nov,2016,11,2240,7,17139,16667,16555,15998,16015,15820,15514,15060,15213
16-Dec,2016,12,2173,7,17858,17423,17337,16772,16860,16569,16160,15763,15908
17-Jan,2017,1,2119,6,18140,17671,17682,17276,17119,17048,16396,16013,16123
17-Feb,2017,2,1934,6,16698,16900,16169,15897,15762,16342,15075,14750,14738
17-Mar,2017,3,2250,6,18758,18404,18077,17832,17681,17746,16990,16607,16471
17-Apr,2017,4,1963,6,18357,17956,17795,17484,17260,17257,16657,16419,16130
17-May,2017,5,2163,6,18958,18614,18434,18104,17829,17631,17279,17042,16792
17-Jun,2017,6,2280,6,18073,17774,17510,17329,16948,16712,16514,16356,15928
17-Jul,2017,7,2108,6,18270,17903,17659,17434,16794,16610,16478,16447,16011
17-Aug,2017,8,2402,6,18037,17693,17391,17223,16796,16431,16425,16105,15732
17-Sep,2017,9,2226,6,17131,16985,16595,16511,15839,15713,15780,15550,15039
17-Oct,2017,10,2303,6,17765,17554,17106,17066,16462,16277,16272,15914,15415
17-Nov,2017,11,2291,6,17265,17139,16667,16555,15998,16015,15820,15514,15060
17-Dec,2017,12,2148,7,18075,17858,17423,17337,16772,16860,16569,16160,15763
18-Jan,2018,1,2279,7,18431,18140,17671,17682,17276,17119,17048,16396,16013
18-Feb,2018,2,1984,6,16976,16698,16900,16169,15897,15762,16342,15075,14750
18-Mar,2018,3,2204,6,18988,18758,18404,18077,17832,17681,17746,16990,16607
18-Apr,2018,4,2118,6,18425,18357,17956,17795,17484,17260,17257,16657,16419
18-May,2018,5,2307,6,19122,18958,18614,18434,18104,17829,17631,17279,17042
18-Jun,2018,6,2301,6,18280,18073,17774,17510,17329,16948,16712,16514,16356
18-Jul,2018,7,2232,6,18331,18270,17903,17659,17434,16794,16610,16478,16447
18-Aug,2018,8,2430,7,18247,18037,17693,17391,17223,16796,16431,16425,16105
18-Sep,2018,9,2158,6,17396,17131,16985,16595,16511,15839,15713,15780,15550
18-Oct,2018,10,2431,7,17872,17765,17554,17106,17066,16462,16277,16272,15914
18-Nov,2018,11,2315,7,17330,17265,17139,16667,16555,15998,16015,15820,15514
18-Dec,2018,12,2116,7,18170,18075,17858,17423,17337,16772,16860,16569,16160
19-Jan,2019,1,2310,7,18612,18431,18140,17671,17682,17276,17119,17048,16396
19-Feb,2019,2,1987,6,16966,16976,16698,16900,16169,15897,15762,16342,15075
19-Mar,2019,3,2117,6,18847,18988,18758,18404,18077,17832,17681,17746,16990
19-Apr,2019,4,2262,6,18435,18425,18357,17956,17795,17484,17260,17257,16657
19-May,2019,5,2328,6,19062,19122,18958,18614,18434,18104,17829,17631,17279
19-Jun,2019,6,2227,6,18228,18280,18073,17774,17510,17329,16948,16712,16514
19-Jul,2019,7,2361,6,18379,18331,18270,17903,17659,17434,16794,16610,16478
19-Aug,2019,8,2373,6,18275,18247,18037,17693,17391,17223,16796,16431,16425
19-Sep,2019,9,2189,6,17600,17396,17131,16985,16595,16511,15839,15713,15780
19-Oct,2019,10,2439,7,18138,17872,17765,17554,17106,17066,16462,16277,16272
19-Nov,2019,11,2297,6,17499,17330,17265,17139,16667,16555,15998,16015,15820
19-Dec,2019,12,2265,7,18400,18170,18075,17858,17423,17337,16772,16860,16569
20-Jan,2020,1,2388,6,18875,18612,18431,18140,17671,17682,17276,17119,17048
20-Feb,2020,2,2131,5,17900,16966,16976,16698,16900,16169,15897,15762,16342
20-Mar,2020,3,2411,6,19395,18847,18988,18758,18404,18077,17832,17681,17746
20-Apr,2020,4,1817,5,18665,18435,18425,18357,17956,17795,17484,17260,17257
20-May,2020,5,1866,5,18980,19062,19122,18958,18614,18434,18104,17829,17631
20-Jun,2020,6,2376,6,18400,18228,18280,18073,17774,17510,17329,16948,16712
20-Jul,2020,7,2423,6,18740,18379,18331,18270,17903,17659,17434,16794,16610
20-Aug,2020,8,2336,5,18630,18275,18247,18037,17693,17391,17223,16796,16431
20-Sep,2020,9,2357,5,18030,17600,17396,17131,16985,16595,16511,15839,15713
20-Oct,2020,10,2474,5,18609,18138,17872,17765,17554,17106,17066,16462,16277
20-Nov,2020,11,2267,5,18115,17499,17330,17265,17139,16667,16555,15998,16015
20-Dec,2020,12,2327,6,18970,18400,18170,18075,17858,17423,17337,16772,16860
21-Jan,2021,1,2310,5,19368,18875,18612,18431,18140,17671,17682,17276,17119
21-Feb,2021,2,2108,5,17690,17900,16966,16976,16698,16900,16169,15897,15762
21-Mar,2021,3,2482,5,19801,19395,18847,18988,18758,18404,18077,17832,17681
21-Apr,2021,4,2349,4,19354,18665,18435,18425,18357,17956,17795,17484,17260
21-May,2021,5,2214,4,19859,18980,19062,19122,18958,18614,18434,18104,17829
21-Jun,2021,6,2401,4,18945,18400,18228,18280,18073,17774,17510,17329,16948
21-Jul,2021,7,2319,4,19104,18740,18379,18331,18270,17903,17659,17434,16794
21-Aug,2021,8,2361,4,18723,18630,18275,18247,18037,17693,17391,17223,16796
21-Sep,2021,9,2300,4,18022,18030,17600,17396,17131,16985,16595,16511,15839
21-Oct,2021,10,2364,5,18618,18609,18138,17872,17765,17554,17106,17066,16462
21-Nov,2021,11,2380,5,18021,18115,17499,17330,17265,17139,16667,16555,15998
21-Dec,2021,12,2363,5,18788,18970,18400,18170,18075,17858,17423,17337,16772
22-Jan,2022,1,2266,5,19050,19368,18875,18612,18431,18140,17671,17682,17276
22-Feb,2022,2,2250,4,17540,17690,17900,16966,16976,16698,16900,16169,15897
22-Mar,2022,3,2507,5,19715,19801,19395,18847,18988,18758,18404,18077,17832
22-Apr,2022,4,2327,5,19147,19354,18665,18435,18425,18357,17956,17795,17484
22-May,2022,5,2289,4,19755,19859,18980,19062,19122,18958,18614,18434,18104
22-Jun,2022,6,2456,5,18920,18945,18400,18228,18280,18073,17774,17510,17329
22-Jul,2022,7,2248,4,19180,19104,18740,18379,18331,18270,17903,17659,17434
22-Aug,2022,8,2506,5,19016,18723,18630,18275,18247,18037,17693,17391,17223
22-Sep,2022,9,2390,4,18242,18022,18030,17600,17396,17131,16985,16595,16511
22-Oct,2022,10,2404,5,18809,18618,18609,18138,17872,17765,17554,17106,17066
22-Nov,2022,11,2422,5,18184,18021,18115,17499,17330,17265,17139,16667,16555
22-Dec,2022,12,2226,5,18904,18788,18970,18400,18170,18075,17858,17423,17337
23-Jan,2023,1,2325,4,19311,19050,19368,18875,18612,18431,18140,17671,17682
23-Feb,2023,2,2092,4,17726,17540,17690,17900,16966,16976,16698,16900,16169
23-Mar,2023,3,2405,4,19805,19715,19801,19395,18847,18988,18758,18404,18077
